王,李,张,赵,刘,陈,杨,吴,黄,朱
孙,郭,胡,吕,高,宋,徐,程,林,郑
范,何,韩,曹,马,许,田,冯,杜,周
曾,汪,苏,董,方,蔡,梁,石,谢,贾
薛,彭,崔,唐,潘,邓,任,史,钱,侯
魏,罗,叶,沈,孟,姚,傅,丁,章,萧
蒋,卢,陆,袁,江,晁,谭,邵,欧阳,孔
俞,尹,廖,阎,洪,夏,雷,葛,文,柳
陶,毛,丘,龚,康,蒲,邢,郝,庞,安
裴,折,施,游,金,邹,汤,虞,严,锺
王,张,李,刘,陈,赵,吴,杨,黄,周
徐,朱,郑,胡,高,郭,林,程,马,释
汪,罗,孙,邓,曾,萧,何,方,唐,谢
冯,吕,许,韩,董,叶,宋,夏,余,曹
范,潘,田,姚,金,袁,蔡,戴,史,孔
薛,杜,倪,熊,文,彭,蒋,梁,俞,沈
傅,丁,谭,段,耶律,苏,汤,卢,顾,易
毛,洪,魏,陆,侯,廖,贾,孟,虞,严
姜,钱,雷,江,完颜,丘,黎,于,邵,葛
章,龚,颜,邹,崔,石,秦,游,欧阳,郝
王,张,李,陈,刘,杨,吴,黄,周,徐
朱,赵,胡,孙,郑,何,郭,沈,高,林
谢,马,叶,罗,冯,许,萧,汪,韩,曹
潘,吕,姚,程,余,袁,宋,钱,陆,卢
唐,彭,蒋,曾,邓,蔡,顾,魏,方,傅
金,范,梁,夏,董,章,俞,丁,江,杜
邹,锺,苏,严,戴,崔,田,毛,石,任
龚,陶,邵,薛,丘,熊,侯,谭,姜,贾
施,秦,史,廖,于,孔,尹,黎,孟,段
汤,白,詹,聂,易,洪,盛,倪,康,文
王,陈,李,张,刘,杨,黄,吴,林,周
叶,赵,吕,徐,孙,朱,高,马,梁,郭
何,郑,胡,蔡,曾,余,邓,沈,谢,唐
许,罗,袁,冯,宋,苏,曹,陆,麦,董
于,韩,任,蒋,顾,钟,方,杜,丁,姚
潘,姜,谭,邱,萧,金,贾,田,崔,程
余,魏,薛,戴,范,卢,洪,侯,夏,白
贺,钱,庄,邹,汪,史,路,石,彭,龚
秦,廖,黎,施,付,赖,江,邵,毛,邢
倪,阎,严,常,康,牛,万,陶,孟,葛
尹,雷,盛,樊,齐,傅,柯,龙,曲,郝
关,纪,温,乔,汤,殷,代,段,兰,韦
毕,裴,章,颜,阮,俞,翁,孔,凌,武
文,季,熊,安,鲁,祝,房,尤,伍,焦
井,柳,米,向,骆,莫,童,谈,芦,苗
耿,宫,虞,柴,易,奚,霍,申,尚,佟
符,庞,岳,辛,聂,翟,左,单,蒲,包
牟,解,穆,漆,欧,游,景,闵,谷,卞
东,费,屠,詹,储,党,从,鲍,隋,艾
车,卫,覃,苻,华,宁,冉,肖,戚,项
简,靳,舒,邝,梅,成,税,席,郁,喻
褚,甘,蒙,滕,闫,寇,战,慕,师,鄢
栾,古,杭,干,屈,管,茅,祁,司,迟
连,沙,卓,宗,瞿,甄,查,高,边,梁
荣,惠,初,邬,刁,卜,辜,区,缪,劳
宿,由,窦,卿,丘,阳,岑,娄,应,候
封,全,富,庚,吉,冷,柏,巩,饶,补
郗,鞠,强,蓝,姬,荆,乐,权,帅,苑
满,桑,檀,先,仲,蔺,忻,胥,晏,苟
祖,竺,敖,池,仇,官,居,冼,楼,支
藏,廉,麻,诸,但,凤,皮,浦,闻,巫
修,衣,狄,a,楚,桂,鹿,都,呼,冀
匡,明,时,伦,木,南,钮,戎,蹇,涂
裘,嵇,郜,布,花,敬,栗,羊,印,原
招,豆,盖,哈,矫,郎,练,鱼,越,扈
芮,阙,佃,厉,平,容,山,云,占,阚
晁,泮,班,贝,公,蔚,伊,邸,濮,P
臧,火,计,门,茹,思,燕,禹,逯,步
慈,索,夷,玉,於,弓,贯,赫,经,励
侍,粟,腾,宣,种,恽,邴,薄,布,伏
广,果,来,利,列,朴,庆,潭,乌,香
扬,元,源,荀,菅,雒,奕,眭,郄,巢
鄂,藩,丰,戈,过,和,晋,亢,况,赁
仁,树,双,水,同,,伟,毋,相,须
要,雍,展,折,蒯,昌,冠,国,海,句
库,么,束,延,银,逄,戢,宓,邰,耆
O,巴,达,奉,黑,衡,宏,戒,勘,科
糜,秘,母,寿,位,信,业,依,阴,粘
职,智,弭,羿,睢,,缴,l,咎,博
材,菜,畅,钞,朝,崇,从,恩,鸿,激
李,王,张,刘,陈,杨,赵,黄,周,吴
徐,孙,胡,朱,高,林,何,郭,马,罗
梁,宋,郑,谢,韩,唐,冯,于,董,肖
程,曹,袁,邓,许,傅,沈,曾,彭,吕
苏,卢,蒋,蔡,贾,丁,魏,薛,叶,阎
余,潘,杜,戴,夏,钟,汪,田,任,姜
范,方,石,姚,谭,廖,邹,熊,金,陆
郝,孔,白,崔,康,毛,邱,秦,江,史
顾,侯,邵,孟,龙,万,段,雷,钱,汤
尹,黎,易,常,武,乔,贺,赖,龚,文
庞,樊,兰,殷,施,陶,洪,翟,安,颜
倪,严,牛,温,芦,季,俞,章,鲁,葛
伍,韦,申,尤,毕,聂,丛,焦,向,柳
邢,骆,岳,齐,尚,梅,莫,庄,辛,管
祝,左,涂,谷,祁,时,舒,耿,牟,卜
路,詹,关,苗,凌,费,纪,靳,盛,童
欧,甄,项,曲,成,游,阳,裴,席,卫
查,屈,鲍,位,覃,霍,翁,隋,植,甘
景,蒲,单,包,司,柏,宁,柯,阮,桂
闵,欧阳,解,强,柴,华,车,冉,房,边
辜,吉,饶,刁,瞿,戚,丘,古,米,池
滕,晋,苑,邬,臧,畅,宫,来,缪,苟
全,褚,廉,简,娄,盖,符,奚,木,穆
党,燕,郎,邸,冀,谈,姬,屠,连,郜
晏,栾,郁,商,蒙,计,喻,揭,窦,迟
宇,敖,糜,鄢,冷,卓,花,仇,艾,蓝
都,巩,嵇,展,井,练,仲,乐,虞,卞
封,竺,冼,原,官,衣,楚,佟,栗,匡
宗,应,台,巫,鞠,僧,桑,荆,谌,银
扬,明,沙,薄,伏,岑,习,胥,保,和
蔺,干,宣,闻,寇,腾,邝,门,濮,藏
伦,荣,皮,佘,淡,相,麦,禹,湛,裘
楼,母,雍,南,帅,支,阚,麻,初,豆
敬,满,罡,晁,农,海,丰,巴,雒,字
令狐,呼,宿,崇,师,弓,油,荀,乌,惠
储,居,先,汝,颉,佐,羊,么,伊,班
随,平,诸,元,劳,粟,圣,药,战,浦
芮,於,仁,印,问,杭,索,容,巢,从
利,国,邦,阴,仝,普,狄,信,修,火
勾,祖,贝,郇,降,茹,苌,贡,双,咸
王,李,张,刘,陈,杨,黄,周,赵,吴
孙,徐,林,胡,朱,郭,梁,马,高,何
郑,罗,宋,谢,叶,韩,任,潘,唐,于
冯,董,吕,邓,许,曹,曾,袁,程,田
彭,钟,蔡,魏,沈,卢,余,杜,蒋,汪
丁,方,苏,贾,姜,姚,陆,戴,傅,夏
廖,萧,石,范,金,谭,邹,崔,薛,邱
史,江,侯,邵,肖,熊,康,秦,雷,孟
白,毛,阎,郝,钱,段,俞,洪,顾,贺
龚,庞,尹,万,龙,赖,孔,武,邢,颜
汤,章,梅,常,阮,黎,倪,施,乔,樊
严,齐,陶,温,易,兰,文,闫,芦,牛
安,向,管,殷,霍,翟,佘,葛,伍,辛
练,申,付,曲,焦,代,鲁,季,覃,毕
麦,耿,舒,尚,聂,庄,项,盛,童,祝
柴,柳,单,岳,阳,骆,纪,欧,左,尤
凌,韦,景,詹,莫,路,宁,关,丛,翁
容,柯,鲍,蒲,苗,牟,谷,裴,初,屈
成,包,游,司,祁,靳,甘,席,瞿,欧阳
卜,褚,解,时,费,班,华,全,房,涂
卓,饶,应,卫,丘,隋,米,闵,郎,喻
冉,宫,甄,宣,穆,谈,帅,车,母,查
戚,符,缪,娄,亢,滕,位,奚,边,卞
桂,苟,柏,井,冀,邬,吉,敖,池,简
蔺,连,艾,蓝,窦,封,古,迟,姬,刁
商,栾,强,冷,植,郁,臧,晋,党,虞
佟,苑,畅,屠,蒙,占,辜,匡,廉,巩
麻,晏,师,鄢,泮,燕,岑,官,仲,揭
仇,邸,宗,荆,,盖,原,昌,茅,扬
荣,沙,郜,巫,邝,鞠,未,劳,来,诸
计,乐,花,冼,尉,木,丰,寇,栗,干
楼,满,桑,湛,谌,储,皮,楚,胥,明
平,腾,厉,励,竺,闻,刚,宇,支,都
折,杭,南,战,嵇,展,糜,衣,国,门
崇,裘,薄,束,宿,臧,东,相,逯,伊
修,粟,漆,阙,禹,银,台,和,祖,惠
伦,候,慕,戈,富,伏,僧,习,云,狄
危,先,雍,蔚,索,居,浦,税,阚,谯
於,芮,濮,基,寿,卿,酆,苻,保,郗
渠,琚,元,由,豆,扈,仁,呼,矫,令狐?
巢,敬,巴,权,茆,鱼,凡,戎,淡,区
幸,海,弓,阴,住,晁,印,汝,历,幺
羊,乌,贡,妙,盘,荀,鹿,粱,邰,随
雒,贝,录,茹,种,罡,缠,农,菅,潭
佐,赫,字,双,油,綦,美,利,钮,信
勾,火,圣,颉,从,靖,P,开,公,那?
智,况,补,虎,才,布,邦,亓,仉,旷
药,逄,造,普,鲜,五,仝,,暴,但
庚,降,昝,奕,钟,问,招,贵,山,巨
厚,恽,上官,过,达,邴,咸,洛,忻,皇甫
檀,化,户,毋,同,杨,黄,赵,周,吴
别,王,张,刘,陈,郭,林,何,高,梁
甯,孙,朱,马,胡,韩,曹,许,邓,萧
,罗,宋,谢,唐,潘,袁,于,董,余
哀,曾,程,蔡,彭,田,杜,丁,沈,姜
李,叶,吕,魏,蒋,汪,戴,崔,任,陆
徐,江,傅,钟,卢,夏,谭,韦,贾,邹
郑,姚,方,金,邱,薛,侯,雷,白,龙
冯,熊,孟,秦,阎,毛,常,万,顾,赖
苏,郝,孔,邵,史,钱,施,牛,洪,龚
范,康,贺,严,尹,易,樊,乔,文,安
廖,陶,黎,温,莫,倪,庞,邢,俞,翟
石,颜,庄,章,鲁,葛,岳,伍,覃,骆
段,聂,齐,向,申,纪,尚,毕,耿,芦
武,焦,柳,欧,祝,苗,詹,曲,欧阳,靳
汤,季,管,符,辛,裴,梅,童,翁,霍
殷,路,涂,兰,甘,牟,滕,谷,柴,卜
蓝,阮,尤,舒,柯,查,单,冉,鲍,华
关,饶,宁,凌,盛,蒲,卫,简,时,连
左,屈,房,喻,解,党,阳,司,费,蒙
祁,项,闵,邬,吉,穆,姬,宫,景,米
游,晏,隋,古,强,沙,鄢,桂,窦,郁
成,谈,柏,瞿,艾,栾,戚,全,娄,甄
包,畅,巩,卓,褚,农,苟,迟,保,商
车,池,丛,边,岑,冷,应,匡,栗,仇
席,佘,卞,虞,刁,佟,封,燕,桑,巫
麦,楚,揭,师,官,荆,储,宗,楼,干
缪,原,植,邝,仲,鞠,荣,井,乐,银
郎,寇,盖,南,屠,闻,冼,木,郜,廉
臧,明,麻,雍,花,公,门,帅,利,惠
练,蔺,和,冀,占,仵,邸,来,粟,劳
敖,台,伦,满,伏,禹,胥,晋,宿,茅
苑,皮,阙,裘,宣,豆,支,诸,薄,阚
奚,潭,谌,腾,檀,相,容,芮,母,令狐
衣,位,战,糜,丰,卿,五,戈,可,辜
慎,鹿,嵇,区,候,初,晁,国,展,尉
普,伊,平,巴,雒,盘,祖,宇,杭,浦
班,富,权,况,云,居,阴,崇,厉,藏
都,年,濮,羊,勾,但,戎,,郗,茹
计,汝,淡,呼,敬,鲜,双,玉,危,咸
湛,荀,於,寿,习,贝,智,赫,么,汲
狄,漆,昌,昝,步,过,钮,历,先,皇甫
修,操,泮,矫,毋,乌,由,丘,贡,靖
冬,那,随,户,东,仓,拓,信,仉,扈
慕,仁,O,蔚,上官,降,从,别,茆,訾
逯,问,巢,慈,弓,水,奉,郦,种,隆
甯,轩,幸,鄂,资,綦,暴,巨,火,同
亢,郇,油,旷,黑,红,滑,颉,庹,侍
才,提,呈,郅,圣,玄,买,扶,恽,怀
达,宦,宾,雎,令,哈,拜,朴,邴,陕
录,后,赤,束,铁,杨,黄,赵,吴,周
衡,李,张,刘,陈,郭,何,高,林,罗
菜,孙,马,朱,胡,许,韩,冯,邓,曹
鱼,梁,谢,宋,唐,袁,潘,于,蒋,蔡
邦,曾,肖,田,董,魏,吕,丁,任,沈
王,杜,叶,程,苏,谭,陆,汪,范,金
徐,卢,姜,崔,锺,付,方,白,邹,孟
郑,廖,贾,夏,韦,薛,闫,段,雷,侯
彭,秦,邱,江,尹,顾,毛,郝,龚,邵
余,史,陶,黎,贺,戴,莫,孔,向,汤
姚,钱,严,覃,武,杨,黄,吴,赵,周
石,李,张,刘,陈,林,郭,何,高,罗
熊,孙,马,朱,胡,许,邓,冯,韩,曹
龙,梁,谢,宋,唐,田,董,袁,于,余
万,彭,萧,蔡,潘,程,吕,丁,沈,任
王,蒋,杜,苏,魏,崔,谭,廖,范,汪
徐,卢,傅,钟,姜,韦,夏,邱,方,侯
郑,金,石,戴,贾,江,阎,薛,尹,段
曾,熊,孟,秦,白,贺,顾,毛,郝,龚
叶,黎,史,龙,陶,覃,洪,武,莫,孔
姚,万,钱,严,赖,施,文,牛,樊,葛
陆,向,常,温,康,伍,庞,颜,倪,庄
邹,安,齐,易,乔,殷,詹,申,欧,耿
雷,章,鲁,岳,翟,柳,甘,祝,包,宁
邵,兰,焦,俞,左,纪,梅,童,凌,毕
汤,符,舒,阮,柯,成,苗,谷,盛,曲
邢,季,裴,霍,涂,游,辛,靳,欧阳,管
聂,冉,骆,蓝,路,祁,蒲,房,滕,屈
关,蒙,鲍,华,喻,阳,时,穆,农,司
尚,解,牟,艾,尤,车,项,连,芦,麦
单,古,吉,缪,简,景,党,宫,费,卜
翁,娄,窦,戚,岑,柏,宗,瞿,桂,全
柴,晏,席,卫,米,邬,边,卞,姬,师
饶,应,臧,闵,苟,刁,沙,荣,巫,寇
卓,仇,栾,隋,商,虞,敖,巩,明,佘
褚,郎,甄,丛,仲,邝,官,封,谈,匡
冷,查,麻,苑,迟,郁,胥,南,班,储
佟,惠,荆,乐,冀,劳,谌,奚,皮,粟
和,栗,燕,楚,鄢,闻,位,厉,伊,仝
桑,蔺,楼,盘,满,权,强,帅,屠,豆
池,郜,海,阚,花,井,祖,漆,巴,丰
鞠,盖,练,廉,禹,计,索,宣,晋,相
原,卿,国,狄,平,来,扈,晁,芮,都
冼,门,云,容,敬,鹿,薄,邸,雍,辜
区,阙,浦,戈,伏,亓,修,邰,赫,杭
朴,阿,乌,母,裘,逯,隆,茹,诸,战
支,那,宿,鲜,印,嵇,公,哈,湛,宾
初,危,玉,银,亢,呼,居,揭,干,但
普,勾,茅,利,於,檀,衣,信,展,阴
羊,冶,斯,元,束,衡,富,尧,闭,由
况,智,幸,奉,植,吴,郑,王,冯,陈
慕,钱,孙,李,周,凤,花,方,俞,任
戎,韦,昌,马,苗,邵,湛,汪,祁,毛
尉,穆,萧,尹,姚,徐,丘(邱),骆,高,夏
昝,盛,林,刁,锺,陆,荣,翁,荀,羊
赵,嵇,邢,滑,裴,钭,厉,戎,祖,武
鲁,仇,栾,暴,甘,贡,劳,逄,姬,申
和,莘,党,翟,谭,廖,庾,终,暨,居
梅,古,易,慎,戈,鞠,须,丰,巢,关
程,毋,沙,乜,养,单于,太叔,申屠,,
甯,公冶,宗政,濮阳,淳于,乐正,壤驷,公良,,
闻,端木,巫马,公西,漆雕,后,有,琴,梁丘,左丘
向,帅,缑,亢,况,吕,施,张,孔,曹
曾,秦,尤,许,何,贺,倪,汤,滕,殷
澹台,廉,岑,薛,雷,宋,茅,庞,熊,纪
颛孙,伏,成,戴,谈,管,卢,莫,经,房
岳,万,支,柯,昝,邴,糜,松,井,段
朱,羿,储,靳,汲,黎,蓟,薄,印,宿
费,幸,司,韶,郜,牛,寿,通,边,扈
计,璩,桑,桂,濮,禄,阙,东,欧,殳
虞,国,文,寇,广,益,桓,公,万俟,司马
芮,竺,权,逯,盖,宇文,长孙,慕容,,
叶,仲孙,轩辕,令狐,锺离,楚,闫,法,汝,鄢
S,夹谷,宰父,Y梁,晋,赏,南宫,墨,哈,谯
匡,牟,佘,佴,伯,水,窦,章,云,苏
游,谢,邹,喻,柏,卞,齐,康,伍,余
公孙,于,时,傅,皮,季,麻,强,贾,路
拓跋,阮,蓝,闵,席,单,杭,洪,包,诸
商,宣,贲,邓,郁,侯,宓,蓬,全,郗
戚,隗,山,谷,车,蔺,屠,蒙,池,乔
乐,咸,籍,赖,卓,瞿,阎,充,慕,连
杜,别,庄,晏,柴,勾,敖,融,冷,訾
丁,巩,厍,聂,晁,皇甫,尉迟,公羊,子车,班
牧,诸葛,闻人,东方,赫连,司寇,仉,督,微生,阴
索,闾丘,司徒,司空,亓官,归,海,羊舌,欧阳,茹
温,百里,东郭,南门,呼延,杨,娄,涂,仰,辛
师,言,福,沈,韩,唐,左,笪,d,怀
夏侯,卫,蒋,鲍,史,臧,班,潘,习,冀
鲜于,柳,酆,贝,明,霍,阴,元,阚,鱼
段干,狄,米,胡,凌,封,茹,空,罗,饶
第五,田,樊,L,家,龙,辛,夔,舒,范
褚,惠,甄,詹,束,雍,石,胥,艾,孟
袁,刘,景,宰,郦,弘,郎,宦,简,童
禹,堵,冉,耿,满,红,佟,那,爱,吉
蔡,步,都,后,荆,姜,裘,利,奚,仲
於,相,查,魏,陶,常,富,钦,顾,能
符,西门,金,邬,安,梁,白,年,江,浦
扶,华,郝,祝,董,宗,燕,葛,崔,越
衡,毕,项,解,应,弓,沃,卜,秋,阳
蒯,屈,干,焦,巴,鄂,上官,危,蒲,郏
东门,缪,乌,邰,从,农,严,巫,尚,蔚
彭,黄,颜,平,郭,钮,颜,龚,双,苍
伊,宫,容,隆,,,,,,
,,,,,,,,,
,,,,,,,,,
,,,,,,,,,
,,,,,,,,,
,,,,,,,,,
,,,,,,,,,
,,,,,,,,,
,,,,,,,,,
,,,,,,,,,
,,,,,,,,,
,,,,,,,,,
,,,,,,,,,
,,,,,,,,,
,,,,,,,,,
,,,,,,,,,
